INSERT INTO data_source (id, source_name)
VALUES (1, 'local webcam 8437'),
       (2, 'bosch sensors');

INSERT INTO parking_lot (id, lot_type)
VALUES (1, 'ground'),
       (2, 'underground1a'),
       (3, 'underground2a');


INSERT INTO parking_slot (id, slot_number, slot_status, data_source_id, parking_lot_id)
VALUES (1, 609, 'VACANT', 1, 1),
       (2, 197, 'VACANT', 1, 1),
       (3, 198, 'VACANT', 1, 1),
       (4, 199, 'VACANT', 1, 1),
       (5, 200, 'VACANT', 1, 1),
       (6, 201, 'VACANT', 1, 1),
       (7, 202, 'VACANT', 1, 1),
       (8, 228, 'VACANT', 1, 1),
       (9, 229, 'VACANT', 1, 1),
       (10, 230, 'VACANT', 1, 1),
       (11, 231, 'VACANT', 1, 1),
       (12, 232, 'VACANT', 1, 1),
       (13, 233, 'VACANT', 1, 1),
       (14, 234, 'VACANT', 1, 1),
       (15, 235, 'VACANT', 1, 1),
       (16, 236, 'VACANT', 1, 1),
       (17, 237, 'VACANT', 1, 1),
       (18, 264, 'VACANT', 1, 1),
       (19, 265, 'VACANT', 1, 1),
       (20, 266, 'VACANT', 1, 1),
       (21, 267, 'VACANT', 1, 1),
       (22, 268, 'VACANT', 1, 1),
       (23, 269, 'VACANT', 1, 1),
       (24, 270, 'VACANT', 1, 1),
       (25, 271, 'VACANT', 1, 1),
       (26, 272, 'VACANT', 1, 1),
       (27, 273, 'VACANT', 1, 1),
       (28, 274, 'VACANT', 1, 1),
       (29, 275, 'VACANT', 1, 1),
       (30, 276, 'VACANT', 1, 1),
       (31, 297, 'VACANT', 1, 1),
       (32, 298, 'VACANT', 1, 1),
       (33, 299, 'VACANT', 1, 1),
       (34, 300, 'VACANT', 1, 1),
       (35, 301, 'VACANT', 1, 1),
       (36, 302, 'VACANT', 1, 1),
       (37, 303, 'VACANT', 1, 1),
       (38, 304, 'VACANT', 1, 1),
       (39, 305, 'VACANT', 1, 1),
       (40, 306, 'VACANT', 1, 1),
       (41, 307, 'VACANT', 1, 1),
       (42, 308, 'VACANT', 1, 1),
       (43, 309, 'VACANT', 1, 1),
       (44, 310, 'VACANT', 1, 1),
       (45, 311, 'VACANT', 1, 1),
       (46, 312, 'VACANT', 1, 1),
       (47, 3918, 'VACANT', 2, 2),
       (48, 3563, 'VACANT', 2, 2),
       (49, 4405, 'VACANT', 2, 2),
       (50, 3618, 'VACANT', 2, 2),
       (51, 2099, 'VACANT', 2, 2),
       (52, 2553, 'VACANT', 2, 2),
       (53, 3825, 'VACANT', 2, 2),
       (54, 5183, 'VACANT', 2, 2),
       (55, 981, 'VACANT', 2, 2),
       (56, 3271, 'VACANT', 2, 2),
       (57, 3839, 'VACANT', 2, 2),
       (58, 2246, 'VACANT', 2, 2),
       (59, 2232, 'VACANT', 2, 2),
       (60, 5904, 'VACANT', 2, 2),
       (61, 3561, 'VACANT', 2, 2),
       (62, 5917, 'VACANT', 2, 2),
       (63, 4050, 'VACANT', 2, 2),
       (64, 2244, 'VACANT', 2, 2),
       (65, 4325, 'VACANT', 2, 2),
       (66, 4307, 'VACANT', 2, 2),
       (67, 2654, 'VACANT', 2, 2),
       (68, 8964, 'VACANT', 2, 2),
       (69, 3348, 'VACANT', 2, 2),
       (70, 1500, 'VACANT', 2, 2),
       (71, 6205, 'VACANT', 2, 2),
       (72, 8998, 'VACANT', 2, 2),
       (73, 6641, 'VACANT', 2, 2),
       (74, 5898, 'VACANT', 2, 2),
       (75, 3912, 'VACANT', 2, 2),
       (76, 4051, 'VACANT', 2, 2),
       (77, 6743, 'VACANT', 2, 2),
       (78, 5912, 'VACANT', 2, 2),
       (79, 5902, 'VACANT', 2, 2),
       (80, 5433, 'VACANT', 2, 2),
       (81, 5556, 'VACANT', 2, 2),
       (82, 2680, 'VACANT', 2, 2),
       (83, 5573, 'VACANT', 2, 2),
       (84, 5774, 'VACANT', 2, 2),
       (85, 5895, 'VACANT', 2, 2),
       (86, 5434, 'VACANT', 2, 2),
       (87, 5563, 'VACANT', 2, 2),
       (88, 5571, 'VACANT', 2, 2),
       (89, 6133, 'VACANT', 2, 2),
       (90, 5772, 'VACANT', 2, 2),
       (91, 5449, 'VACANT', 2, 2),
       (92, 5783, 'VACANT', 2, 2),
       (93, 5771, 'VACANT', 2, 2),
       (94, 5565, 'VACANT', 2, 2);


